School,Head Coach,Assistant Coaches
University Of Alabama,Rob Vaughn,Jake Valentine; Caleb Ketcham
University Of Florida,Kevin O'Sullivan,Craig Bell; Chuck Jeroloman
University of Georgia,Wes Johnson,Wes Morten; Brock Bennett
LSU,Jay Johnson,Josh Jordan; Nate Yeskie
University of Miami,J.D. Arteaga,Norberto Lopez; Jonathan Hernandez
Duke University,Chris Pollard,Josh Jordan; Andrew Brewer
UNC-Chapel Hill,Scott Forbes,Jesse Wierzbicki; Bryant Gaines
Ohio State University,Bill Mosiello,Andrew See; Kirby Pellant
UTA,David Pierce,Steve Rodriguez; Caleb Longley
University of Tennessee ,Tony Vitello,Josh Elander; Ross Steinhorn
Campbell University,Justin Haire,Tyler Robinson; Joey Holcomb
University Of Pittsburgh,Mike Bell,Joe Mercadante; Devin Mesoraco
Rice University,Jose Cruz Jr.,Paul Janish; Shane Blalock
Coastal Carolina University,Gary Gilmore,Kevin Schnall; Drew Thomas
Dallas Baptist University (DBU),Dan Heefner,Mike Anderson; Keith Medlen
Louisiana Tech University ,Lane Burroughs,Mitch Gaspard; Hunter Pence
Southern Indiana,Tracy Archuleta,Brent McMillan; Austin Bousfield
"University of California, Irvine",Ben Orloff,Sergio Brown; Daniel Bibona
" University of California, Santa Barbara",Andrew Checketts,Damon Keith; Eddie Cornejo
Mississippi State University,Chris Lemonis,Jake Gautreau; Will Coggin
